{
  "com::position::desired.0": 0.03,
  "com::position::desired.1": 0,
  "com::position::desired.2": 0.5298999887571503,
  "com::position::desired_macumba.0": 0.030067586429858868,
  "com::position::desired_macumba.1": -0.0001639117194427403,
  "com::position::desired_macumba.2": 0.5298999887571503,
  "com::position::measured.0": 0.030109094779845854,
  "com::position::measured.1": -0.00020000607023919204,
  "com::position::measured.2": 0.5298621458894369,
  "com::velocity::desired.0": 0,
  "com::velocity::desired.1": 0,
  "com::velocity::desired.2": 0,
  "dcm::position::desired.0": 0.03,
  "dcm::position::desired.1": 0,
  "dcm::position::measured.0": 0.030079608760581526,
  "dcm::position::measured.1": -0.000158106446124498,
  "dcm::velocity::desired.0": 0,
  "dcm::velocity::desired.1": 0,
  "joints_state::positions::desired.0": 0.1679604032705044,
  "joints_state::positions::desired.1": -0.0002756285139516313,
  "joints_state::positions::desired.2": 0.00003717241523656256,
  "joints_state::positions::desired.3": -0.139135891461327,
  "joints_state::positions::desired.4": 0.40899151684904583,
  "joints_state::positions::desired.5": 0.18777059003514315,
  "joints_state::positions::desired.6": 0.5318346827470866,
  "joints_state::positions::desired.7": -0.1390939312211549,
  "joints_state::positions::desired.8": 0.4090715348294826,
  "joints_state::positions::desired.9": 0.18776442215958913,
  "joints_state::positions::desired.10": 0.5318182753110808,
  "joints_state::positions::desired.11": 0.09320736480458215,
  "joints_state::positions::desired.12": 0.02350518726211116,
  "joints_state::positions::desired.13": -0.004827717367178096,
  "joints_state::positions::desired.14": -0.5688528064586146,
  "joints_state::positions::desired.15": -0.37054659276220187,
  "joints_state::positions::desired.16": -0.02408772068297539,
  "joints_state::positions::desired.17": 0.09378353558669154,
  "joints_state::positions::desired.18": 0.022925784161486145,
  "joints_state::positions::desired.19": -0.004518112845020109,
  "joints_state::positions::desired.20": -0.5696765512988664,
  "joints_state::positions::desired.21": -0.3707869806150648,
  "joints_state::positions::desired.22": -0.02327425692379588,
  "joints_state::positions::measured.0": 0.16819314059184354,
  "joints_state::positions::measured.1": -0.00042071732319381994,
  "joints_state::positions::measured.2": 0.000045502728389656966,
  "joints_state::positions::measured.3": -0.13914949409034594,
  "joints_state::positions::measured.4": 0.40898836739097977,
  "joints_state::positions::measured.5": 0.1877766284701341,
  "joints_state::positions::measured.6": 0.5318361480712452,
  "joints_state::positions::measured.7": -0.13909487928182473,
  "joints_state::positions::measured.8": 0.40907275956230116,
  "joints_state::positions::measured.9": 0.18776252632976842,
  "joints_state::positions::measured.10": 0.5318140900835201,
  "joints_state::positions::measured.11": 0.09322808209628254,
  "joints_state::positions::measured.12": 0.023611799885300933,
  "joints_state::positions::measured.13": -0.004642729311354898,
  "joints_state::positions::measured.14": -0.5687659999916921,
  "joints_state::positions::measured.15": -0.37057289384469794,
  "joints_state::positions::measured.16": -0.02416239060175851,
  "joints_state::positions::measured.17": 0.09383197566871093,
  "joints_state::positions::measured.18": 0.022970161513837795,
  "joints_state::positions::measured.19": -0.004310917539319448,
  "joints_state::positions::measured.20": -0.5697036063835235,
  "joints_state::positions::measured.21": -0.37086167164101,
  "joints_state::positions::measured.22": -0.023192694307640593,
  "joints_state::positions::retargeting.0": 0.1543103566331312,
  "joints_state::positions::retargeting.1": -0.0001547479664708679,
  "joints_state::positions::retargeting.2": 0.00003802040118166907,
  "joints_state::positions::retargeting.3": -0.06288161837237914,
  "joints_state::positions::retargeting.4": 0.4397047721999131,
  "joints_state::positions::retargeting.5": 0.1825279592375603,
  "joints_state::positions::retargeting.6": 0.5387130785317291,
  "joints_state::positions::retargeting.7": -0.06284697308787854,
  "joints_state::positions::retargeting.8": 0.43968697574123733,
  "joints_state::positions::retargeting.9": 0.1825427806579053,
  "joints_state::positions::retargeting.10": 0.5386952889583873,
  "joints_state::positions::retargeting.11": 0.08991978103404326,
  "joints_state::positions::retargeting.12": 0.023264924712665787,
  "joints_state::positions::retargeting.13": -0.004582174783337302,
  "joints_state::positions::retargeting.14": -0.5656095280320698,
  "joints_state::positions::retargeting.15": -0.3738135039915028,
  "joints_state::positions::retargeting.16": -0.023609505524998808,
  "joints_state::positions::retargeting.17": 0.09024353041307598,
  "joints_state::positions::retargeting.18": 0.023218825793155547,
  "joints_state::positions::retargeting.19": -0.004453703765061899,
  "joints_state::positions::retargeting.20": -0.5658308582662954,
  "joints_state::positions::retargeting.21": -0.3737080076416377,
  "joints_state::positions::retargeting.22": -0.023744149373927742,
  "joints_state::velocities::measured.0": 0.0028175903035593556,
  "joints_state::velocities::measured.1": -0.0012493520530405685,
  "joints_state::velocities::measured.2": -0.0013276069115227968,
  "joints_state::velocities::measured.3": 0.00004295327020850941,
  "joints_state::velocities::measured.4": -0.0007660317264466863,
  "joints_state::velocities::measured.5": 0.00007541973952321845,
  "joints_state::velocities::measured.6": -0.00021469049246081976,
  "joints_state::velocities::measured.7": 0.0006797627416515168,
  "joints_state::velocities::measured.8": 0.0005997584533662649,
  "joints_state::velocities::measured.9": 0.00005710816657494345,
  "joints_state::velocities::measured.10": -0.00024394209154059287,
  "joints_state::velocities::measured.11": 0.0005207235324098196,
  "joints_state::velocities::measured.12": -0.001761320404296581,
  "joints_state::velocities::measured.13": -0.0004819304135778907,
  "joints_state::velocities::measured.14": -0.000983640192198943,
  "joints_state::velocities::measured.15": 0.0002699951322397456,
  "joints_state::velocities::measured.16": 0.001335836426520957,
  "joints_state::velocities::measured.17": 0.0008739182004680936,
  "joints_state::velocities::measured.18": 0.005308931043615628,
  "joints_state::velocities::measured.19": -0.005294977636601718,
  "joints_state::velocities::measured.20": -0.0016540063804808382,
  "joints_state::velocities::measured.21": 0.00037467628685012043,
  "joints_state::velocities::measured.22": -0.029070211824667003,
  "left_foot::angular_torque::measured.0": 1.2016875435957532,
  "left_foot::angular_torque::measured.1": -4.591502578309853,
  "left_foot::angular_torque::measured.2": 3.3839972255138253,
  "left_foot::angular_velocity::measured.0": 0,
  "left_foot::angular_velocity::measured.1": 0,
  "left_foot::angular_velocity::measured.2": 0,
  "left_foot::linear_force::measured.0": 1.1746089797996964,
  "left_foot::linear_force::measured.1": -14.434061719927033,
  "left_foot::linear_force::measured.2": 160.1798744420907,
  "left_foot::linear_velocity::measured.0": 0,
  "left_foot::linear_velocity::measured.1": 0,
  "left_foot::linear_velocity::measured.2": 0,
  "left_foot::orientation::desired.0": 0,
  "left_foot::orientation::desired.1": 0,
  "left_foot::orientation::desired.2": 0,
  "left_foot::orientation::measured.0": 0,
  "left_foot::orientation::measured.1": 0,
  "left_foot::orientation::measured.2": 0,
  "left_foot::position::desired.0": 0,
  "left_foot::position::desired.1": 0.08,
  "left_foot::position::desired.2": 0,
  "left_foot::position::measured.0": 0,
  "left_foot::position::measured.1": 0.08,
  "left_foot::position::measured.2": 0,
  "right_foot::angular_torque::measured.0": -1.637552347788619,