{
  "value.com::position::desired.0": 1.0178787878787983,
  "value.com::position::desired.1": 0.000002483113734158544,
  "value.com::position::desired.2": 0.5298999887571504,
  "value.com::position::desired_macumba.0": 1.01806772636855,
  "value.com::position::desired_macumba.1": -0.00020386491042340523,
  "value.com::position::desired_macumba.2": 0.5298999887571504,
  "value.com::position::measured.0": 1.017898823288374,
  "value.com::position::measured.1": -0.000052322530482512564,
  "value.com::position::measured.2": 0.5298665737507029,
  "value.com::velocity::desired.0": 1.0508227813547548e-14,
  "value.com::velocity::desired.1": 2.0042853953452202e-20,
  "value.com::velocity::desired.2": 0,
  "value.dcm::position::desired.0": 1.0178787878788007,
  "value.dcm::position::desired.1": 0.0000024831137341585485,
  "value.dcm::position::measured.0": 1.0180290935390142,
  "value.dcm::position::measured.1": -0.00015916809077968597,
  "value.dcm::velocity::desired.0": 0,
  "value.dcm::velocity::desired.1": -0.00048606263451911325,
  "value.joints_state::positions::desired.0": 0.16789629082148574,
  "value.joints_state::positions::desired.1": -0.0002239803794092957,
  "value.joints_state::positions::desired.2": 0.00004852069197602616,
  "value.joints_state::positions::desired.3": -0.1391481767138638,
  "value.joints_state::positions::desired.4": 0.4089874366742922,
  "value.joints_state::positions::desired.5": 0.1877712842445305,
  "value.joints_state::positions::desired.6": 0.5318386800870301,
  "value.joints_state::positions::desired.7": -0.13910176269751245,
  "value.joints_state::positions::desired.8": 0.40908494718730154,
  "value.joints_state::positions::desired.9": 0.18776215970791818,
  "value.joints_state::positions::desired.10": 0.5318206474977465,
  "value.joints_state::positions::desired.11": 0.09318567473845117,
  "value.joints_state::positions::desired.12": 0.023580852641208197,
  "value.joints_state::positions::desired.13": -0.004840943438466469,
  "value.joints_state::positions::desired.14": -0.5686790466548914,
  "value.joints_state::positions::desired.15": -0.37070434186312706,
  "value.joints_state::positions::desired.16": -0.024202128915851336,
  "value.joints_state::positions::desired.17": 0.09381446069953127,
  "value.joints_state::positions::desired.18": 0.022853069975271027,
  "value.joints_state::positions::desired.19": -0.004490703241373956,
  "value.joints_state::positions::desired.20": -0.5696268178491689,
  "value.joints_state::positions::desired.21": -0.3710148791734033,
  "value.joints_state::positions::desired.22": -0.023159943902649104,
  "value.joints_state::positions::measured.0": 0.1679231150184979,
  "value.joints_state::positions::measured.1": -0.00041920124849337276,
  "value.joints_state::positions::measured.2": 0.000043933757697622866,
  "value.joints_state::positions::measured.3": -0.13914704838746395,
  "value.joints_state::positions::measured.4": 0.4090745405242498,
  "value.joints_state::positions::measured.5": 0.18776487205670112,
  "value.joints_state::positions::measured.6": 0.5318399126452675,
  "value.joints_state::positions::measured.7": -0.13911830815734974,
  "value.joints_state::positions::measured.8": 0.40900208129756166,
  "value.joints_state::positions::measured.9": 0.18777098053652175,
  "value.joints_state::positions::measured.10": 0.531824572979275,
  "value.joints_state::positions::measured.11": 0.0933884005330965,
  "value.joints_state::positions::measured.12": 0.023928697313479578,
  "value.joints_state::positions::measured.13": -0.005365120087156505,
  "value.joints_state::positions::measured.14": -0.5684775683737932,
  "value.joints_state::positions::measured.15": -0.3710332351473102,
  "value.joints_state::positions::measured.16": -0.024369233702924653,
  "value.joints_state::positions::measured.17": 0.09363781182777231,
  "value.joints_state::positions::measured.18": 0.023274196700447725,
  "value.joints_state::positions::measured.19": -0.005003513881479904,
  "value.joints_state::positions::measured.20": -0.5698151425515698,
  "value.joints_state::positions::measured.21": -0.3707181489383275,
  "value.joints_state::positions::measured.22": -0.023565957736241042,
  "value.joints_state::positions::retargeting.0": 0.1543103566331306,
  "value.joints_state::positions::retargeting.1": -0.00015474796647078074,
  "value.joints_state::positions::retargeting.2": 0.000038020401181654674,
  "value.joints_state::positions::retargeting.3": -0.06288161837237922,
  "value.joints_state::positions::retargeting.4": 0.43970477219991383,
  "value.joints_state::positions::retargeting.5": 0.18252795923756024,
  "value.joints_state::positions::retargeting.6": 0.5387130785317292,
  "value.joints_state::positions::retargeting.7": -0.06284697308787861,
  "value.joints_state::positions::retargeting.8": 0.439686975741238,
  "value.joints_state::positions::retargeting.9": 0.18254278065790525,
  "value.joints_state::positions::retargeting.10": 0.5386952889583874,
  "value.joints_state::positions::retargeting.11": 0.08991978103404337,
  "value.joints_state::positions::retargeting.12": 0.02326492471266565,
  "value.joints_state::positions::retargeting.13": -0.004582174783337273,
  "value.joints_state::positions::retargeting.14": -0.5656095280320679,
  "value.joints_state::positions::retargeting.15": -0.3738135039915015,
  "value.joints_state::positions::retargeting.16": -0.0236095055249988,
  "value.joints_state::positions::retargeting.17": 0.09024353041307612,
  "value.joints_state::positions::retargeting.18": 0.023218825793155633,
  "value.joints_state::positions::retargeting.19": -0.00445370376506189,
  "value.joints_state::positions::retargeting.20": -0.5658308582662934,
  "value.joints_state::positions::retargeting.21": -0.37370800764163636,
  "value.joints_state::positions::retargeting.22": -0.023744149373927693,
  "value.joints_state::velocities::measured.0": -0.005142539820192049,
  "value.joints_state::velocities::measured.1": 0.012484491124360324,
  "value.joints_state::velocities::measured.2": 0.011236245998659307,
  "value.joints_state::velocities::measured.3": 0.0008350288604449686,
  "value.joints_state::velocities::measured.4": 0.006417547036583652,
  "value.joints_state::velocities::measured.5": 0.003789991750030108,
  "value.joints_state::velocities::measured.6": -0.000191491896640532,
  "value.joints_state::velocities::measured.7": -0.0013970282256936329,
  "value.joints_state::velocities::measured.8": 0.0028262205323377797,
  "value.joints_state::velocities::measured.9": 0.005237873954698961,
  "value.joints_state::velocities::measured.10": -0.0004249103028014834,
  "value.joints_state::velocities::measured.11": 0.005444872181664613,
  "value.joints_state::velocities::measured.12": -0.004203142220891301,
  "value.joints_state::velocities::measured.13": -0.009061653242547226,
  "value.joints_state::velocities::measured.14": 0.0021931608163133585,
  "value.joints_state::velocities::measured.15": 0.006113578689635099,
  "value.joints_state::velocities::measured.16": -0.0000964025786046041,
  "value.joints_state::velocities::measured.17": 0.0020196279683746764,
  "value.joints_state::velocities::measured.18": 0.0036840054822476083,
  "value.joints_state::velocities::measured.19": 0.007961987675264506,
  "value.joints_state::velocities::measured.20": -0.0034794340333604195,
  "value.joints_state::velocities::measured.21": -0.004352410736322752,
  "value.joints_state::velocities::measured.22": 0.0017485590977939789,
  "value.left_foot::angular_torque::measured.0": 1.3127214802739684,
  "value.left_foot::angular_torque::measured.1": 2.821419162993167,
  "value.left_foot::angular_torque::measured.2": 0.6950589864383712,
  "value.left_foot::angular_velocity::measured.0": 0,
  "value.left_foot::angular_velocity::measured.1": 0,
  "value.left_foot::angular_velocity::measured.2": 0,
  "value.left_foot::linear_force::measured.0": 37.77941563755032,